State,District,Station Name,Address,Contact,Services,Final Timing,Map URL,Latitude,Longitude
Bihar,Araria,IOCL - Jawaid Charging Station,"Jawaid Fuel Centre,Barbana Sh-77 Po-Meriganjps-Raniganj",,Bharat AC001AC TYPE 2,12:00 AM - 11:59 PM,"https://www.google.com/maps/dir/Uattardhona,+Uttar+Pradesh/26.0698167,87.243787/@26.4006658,78.8625227,6z/data=!3m1!4b1!4m8!4m7!1m5!1m1!1s0x399be207e556dd5d:0x379527c1feb0fcbc!2m2!1d81.0648758!2d26.8912141!1m0?entry=ttu&g_ep=EgoyMDI1MDQzMC4xIKXMDSoASAFQAw%3D%3D",26.4006658,78.8625227
Bihar,Araria,IOCL - Kalyani Charging Station,"Maa Kalyani Fuel Centre,Mauza-Raniganj On Nh-327E Bet Reshamlal Chowk & Raniganj",,Bharat AC001AC TYPE 2,12:00 AM - 11:59 PM,"https://www.google.com/maps/dir/Uattardhona,+Uttar+Pradesh/26.054727,87.3220529/@26.3929964,78.9009906,6z/data=!3m1!4b1!4m8!4m7!1m5!1m1!1s0x399be207e556dd5d:0x379527c1feb0fcbc!2m2!1d81.0648758!2d26.8912141!1m0?entry=ttu&g_ep=EgoyMDI1MDQzMC4xIKXMDSoASAFQAw%3D%3D",26.3929964,78.9009906
Bihar,Araria,HPCL - MS FIZA Charging Station,"SH76, Majkuri",9065784199,AC TYPE 2,12:00 AM - 11:59 PM,"https://www.google.com/maps/dir/Uattardhona,+Uttar+Pradesh/26.123738,87.411178/@26.4210449,78.9482272,6z/data=!3m1!4b1!4m8!4m7!1m5!1m1!1s0x399be207e556dd5d:0x379527c1feb0fcbc!2m2!1d81.0648758!2d26.8912141!1m0?entry=ttu&g_ep=EgoyMDI1MDQzMC4xIKXMDSoASAFQAw%3D%3D",26.4210449,78.9482272
Bihar,Aurangabad,TML - Satish Motors Charging Station,"Plot No72/1 Saharanpur, Wanjarwadi",18002095161,CCS-IICHAdeMOAC TYPE 2,12:00 AM - 11:59 PM,"https://www.google.com/maps/dir/Current+Location/19.911983,75.232932",19.911983,75.232932
Bihar,Aurangabad,IOCL - Pragati Charging Station,Survey No 35 Jaswantpura,9423558649,Bharat AC001AC TYPE 2,10:00 AM - 07:00 PM,"https://www.google.com/maps/dir/Current+Location/19.753294,75.151116",19.753294,75.151116
Bihar,Aurangabad,IOCL - Shiv Charging Station,"Gut No 39, PT 144 & 145, Karmad Adgaon BK",9422353137,CCS-IIAC TYPE 2,12:00 AM - 11:59 PM,"https://www.google.com/maps/dir/Current+Location/19.869525,75.537765",19.869525,75.537765
Bihar,Aurangabad,Tata Power - HOTEL SRUSHTI AGRO TOURISM (Private - charger),"Aurangabad - Pune Road, Jikthan",9075542433,AC TYPE 2,12:00 AM - 11:59 PM,"https://www.google.com/maps/dir/Current+Location/19.753773,75.151003",19.753773,75.151003
Bihar,Aurangabad,Super - Supreme pack Charging Station,"Plot No 15, Near Abc Complex, Adalat Road",,CCS-IIBharat DC-001,10:00 AM - 07:00 PM,"https://www.google.com/maps/dir/Uattardhona,+Uttar+Pradesh/30.315324,78.042977/@28.5685994,76.9128858,7z/data=!3m1!4b1!4m8!4m7!1m5!1m1!1s0x399be207e556dd5d:0x379527c1feb0fcbc!2m2!1d81.0648758!2d26.8912141!1m0?entry=ttu&g_ep=EgoyMDI1MDQzMC4xIKXMDSoASAFQAw%3D%3D",28.5685994,76.9128858
Bihar,Aurangabad,Tata Power - Aurangabad Smart City Charging Station,Himayat Bagh,7208099829,CCS-II,12:00 AM - 11:59 PM,"https://www.google.com/maps/dir/Current+Location/19.899214,75.333658",19.899214,75.333658
Bihar,Aurangabad,Tata Power - Taj Vivanta Aurangabad (Private - Charger),"8-N -12 Cidco,Dr.Rafiq Zakaria Marg, Rauza Bagh",2402613737,CCS-IIAC TYPE 2,12:00 AM - 11:59 PM,"https://www.google.com/maps/dir/Current+Location/19.9076367,75.346443",19.9076367,75.346443
Bihar,Aurangabad,IOCL - Dakshta Charging Station,"Opposite Aurangabad Airport Entry Gate, Chikalthana",7208099829,AC TYPE 2,12:00 AM - 11:59 PM,"https://www.google.com/maps/dir/Current+Location/19.86908,75.399306",19.86908,75.399306
Bihar,Aurangabad,IOCL - Dakshta Charging Station,Gut No 703 P And Gut No 704 P At Chikalthana,9823727557,AC TYPE 2,10:00 AM - 07:00 PM,"https://www.google.com/maps/dir/Current+Location/19.885364,75.382188",19.885364,75.382188
Bihar,Aurangabad,IOCL - Swami Charging Station,"Gut No 40, Ranjangaon, Shenpunji, Gangapur Waladgaon",9890156510,Bharat AC001AC TYPE 2,10:00 AM - 07:00 PM,"https://www.google.com/maps/dir/Current+Location/19.844487,75.212934",19.844487,75.212934
Bihar,Aurangabad,IOCL - Piyush Kisan Seva Kendra Charging Station,"Ground Floor, Khajuri Barun",7782040600,Bharat AC001AC TYPE 2,12:00 AM - 11:59 PM,"https://www.google.com/maps/dir/Current+Location/19.874752,75.3038556",19.874752,75.3038556
Bihar,Aurangabad,RC Bafna Showroom Charging Station,"Jalna Road Near S.A.F. School,Opposite Chetan Trade Centre, Opp. S.F.S. School, Venkatesh Nagar, M G M",9028339558,CCS-IICHAdeMOAC TYPE 2,24 Hours,"https://www.google.com/maps/dir/Uattardhona,+Uttar+Pradesh/19.876598,75.34731/@23.2877386,72.6336683,6z/data=!3m1!4b1!4m8!4m7!1m5!1m1!1s0x399be207e556dd5d:0x379527c1feb0fcbc!2m2!1d81.0648758!2d26.8912141!1m0?entry=ttu&g_ep=EgoyMDI1MDQzMC4xIKXMDSoASAFQAw%3D%3D",23.2877386,72.6336683
Bihar,Aurangabad,HP - Demni Shekta Charging Station,"Gut No: 85, Demni Shekta, Jalna Highway Road, Jalna Road",9382837777,CCS-IIBharat AC001CHAdeMOAC TYPE 2,10:00 AM - 07:00 PM,"https://www.google.com/maps/dir/Current+Location/19.869594,75.635739",19.869594,75.635739
Bihar,Aurangabad,Tata Power - Dhoot Motors Charging Station,"ABC Complex, Adalat Road, Aurangabad, Maharashtra 431005Second Location For Survey : Adalat Road, Next To High Court",18002095161,CCS-IICHAdeMO,12:00 AM - 11:59 PM,"https://www.google.com/maps/dir/Current+Location/19.872905,75.318553",19.872905,75.318553
Bihar,Aurangabad,Kazam - Mondha Charging Station,Nawabpura Mondha,9422290776,Bharat DC-001,24 Hours,"https://www.google.com/maps/dir/Current+Location/19.877082,75.343271",19.877082,75.343271
Bihar,Aurangabad,Kazam - Nyay Nagar Charging Station,Nyay Nagar,9623122577,Bharat AC001,12:00 AM - 11:59 PM,"https://www.google.com/maps/dir/Current+Location/19.87422,75.36134",19.87422,75.36134
Bihar,Aurangabad,IOCL - Shiv Charging Station,Maharashtra State Highway 30 Satana,9049377777,CCS-IIAC TYPE 2,09:00 AM - 10:00 PM,"https://www.google.com/maps/dir/Current+Location/19.869026,75.553088",19.869026,75.553088
Bihar,Aurangabad,Tata Power - Click Hotel (Private -Charger),"Phulambri - Sillod Rd, Hudco, Yadav Nagar, N 11, Cidco",7391066510,CCS-II,12:00 AM - 11:59 PM,"https://www.google.com/maps/dir/Current+Location/19.9116134,75.348291",19.9116134,75.348291
Bihar,Aurangabad,Tata Power - Ginger Aurangabad (Private - Charger),"Railway Station Rd, Venkateshwar Colony, Bansilal Nagar, New Usmanpura",2406713300,CCS-IIAC TYPE 2,12:00 AM - 11:59 PM,"https://www.google.com/maps/dir/Current+Location/19.86402,75.31808",19.86402,75.31808
Bihar,Aurangabad,Tata Power - Hotel Amritsar Punjabi (Privat - Charger),"Gut No:85, Demni Shekta,Aurangabad-Jalna Highway Road Next To Amritsar Petroleum (HP Petrol Pump)",9923131313,CCS-IIBharat AC001CHAdeMO,12:00 AM - 11:59 PM,"https://www.google.com/maps/dir/Current+Location/19.869385,75.636067",19.869385,75.636067
Bihar,Aurangabad,HPCL - APMC Lasur Charging Station,"W2F7 3HQ, Lasur, Harsul",2222863900,AC TYPE 2,12:00 AM - 11:59 PM,"https://www.google.com/maps/dir/Current+Location/19.92275,75.013998",19.92275,75.013998
Bihar,Aurangabad,UTPL- EV charging station,R H No 89 Hariramnagar Opp Surya Lawns Beed By Pass Road.,18008332233,AC PLUG POINT,24 Hours,"https://www.google.com/maps/dir/Current+Location/19.8504418,75.35803",19.8504418,75.35803
Bihar,Aurangabad,UTPL- EV charging station,"4-34-593, Sector N 4, Cidco, Aurangabad",18008332233,AC PLUG POINT,24 Hours,"https://www.google.com/maps/dir/Current+Location/19.8624639,75.36249",19.8624639,75.36249
Bihar,Aurangabad,UTPL- EV charging station,"Shop No 4 Tapdia Terraces, Adalat Rd, Aurangabad",18008332233,AC PLUG POINT,24 Hours,"https://www.google.com/maps/dir/Current+Location/19.872475,75.32272",19.872475,75.32272
Bihar,Aurangabad,UTPL- EV charging station,"Patel Plaza, Oppsite Patel Lawns, Navrang Enterprises, P-4, Shahnagar, Patel Plaza Sunshine Hospital, Beed Bypass Rd",18008332233,AC PLUG POINT,24 Hours,"https://www.google.com/maps/dir/Current+Location/19.855764,75.30987",19.855764,75.30987
Bihar,Aurangabad,UTPL- EV Charging Station,"R6VV WMJ, Mohata Devi Mandir Rd, Ayodhya Nagar, Bajaj Nagar, Waluj, Wadgaon Kolhati",18002333555,AC PLUG POINT,24 Hours,"https://www.google.com/maps/dir/Current+Location/19.845447,75.24419",19.845447,75.24419
Bihar,Aurangabad,UTPL- EV Charging Station,"V9F6 FM3, Jain Temple Rd, Kamgar Chowk, N 3, Cidco, Aurangabad",18002333555,AC PLUG POINT,24 Hours,"https://www.google.com/maps/dir/Current+Location/19.874647,75.36168",19.874647,75.36168
Bihar,Aurangabad,Ather-Café Woodie's Charging Station,"Near Tapadiya Merit School, Shreya Nagar, New Usmanpura",7676600900,,10:00 AM - 08:45 PM,"https://www.google.com/maps/dir/Current+Location/19.86618,75.331808",19.86618,75.331808
Bihar,Aurangabad,Ather-The Manor Hotel Charging Station,"The Manor Hotel, Kranti Chowk, Opp. Rani Lakshmibai Park, Snehnagar",7676600900,,10:00 AM - 09:00 PM,"https://www.google.com/maps/dir/Current+Location/19.872621,75.328131",19.872621,75.328131
Bihar,Aurangabad,Ather-Space Charging Station,"Gopinath Chambers, Adalat Rd, Near Chunilal Petrol Pump, Konkanwadi",7676600900,,10:00 AM - 09:00 PM,"https://www.google.com/maps/dir/Current+Location/19.872735,75.325066",19.872735,75.325066
Bihar,Aurangabad,Ather-Car Craze Charging Station,"Chikalthana MIDC, Near Mahindra & JCB Showroom, Opp Wockhard Research Center",7676600900,,10:00 AM - 09:00 PM,"https://www.google.com/maps/dir/Current+Location/19.880395,75.376114",19.880395,75.376114
Bihar,Aurangabad,Ather-Hotel Yash Executive Charging Station,"N-13, Plot No. 12, Hudco Corner, Next To Hotel Vivanta By Taj",7676600900,,10:00 AM - 09:00 PM,"https://www.google.com/maps/dir/Current+Location/19.910504,75.346508",19.910504,75.346508
Bihar,Aurangabad,Ather-Sunshine Hospital Charging Station,"Navrang Enterprises, P-4, Shahnagar, Patel Plaza, Oppsite Patel Lawns, Beed Bypass Rd",7676600900,,10:00 AM - 09:00 PM,"https://www.google.com/maps/dir/Current+Location/19.853215,75.310232",19.853215,75.310232
Bihar,Aurangabad,Ather-Mauli Family Restaurants Charging Station,Padegaon,7676600900,,10:00 AM - 09:00 PM,"https://www.google.com/maps/dir/Current+Location/19.88349,75.291519",19.88349,75.291519
Bihar,Aurangabad,Ather-Gurunanak Motors Charging Station,"Gurunanak Motors Pvt.Ltd, Tata Commercial Vehicle Showroom, Gut No.57, Zalta, Solapur Dhule Highway, Beed Bypass Rd",7676600900,,10:00 AM - 09:00 PM,"https://www.google.com/maps/dir/Current+Location/19.836515,75.432127",19.836515,75.432127
Bihar,Aurangabad,Ather-Garikipati Restaurant Charging Station,"Gut No 262, NH 52, Ellora Post Kulthabad Tq, Chh Sambajinager Dist Aurangabad Dist, Ellora, Maharashtra",7676600900,,10:00 AM - 09:00 PM,"https://www.google.com/maps/dir/Current+Location/20.023385,75.156183",20.023385,75.156183
Bihar,Aurangabad,Ather-Gurunanak Motors Charging Station,"Gurunanak Motors Pvt.Ltd, Tata Commercial Vehicle Showroom, Gut No.57, Zalta, Solapur Dhule Highway",8066465757,,11:59 PM - 12:00 AM,"https://www.google.com/maps/dir/Current+Location/19.836601,75.432196",19.836601,75.432196
Bihar,Banka,IOCL - Maa Gayatri Charging Station,"Ground Floor, Rajaun, Banka Rajoun",9430611494,Bharat AC001AC TYPE 2,12:00 AM - 11:59 PM,"https://www.google.com/maps/dir/Current+Location/25.081079,86.992949",25.081079,86.992949
Bihar,Begusarai,IOCL - Ram Janki Charging Station,Ground Floor Vandwar Begusarai,9430980546,Bharat AC001AC TYPE 2,12:00 AM - 11:59 PM,"https://www.google.com/maps/dir/Uattardhona,+Uttar+Pradesh/25.505512,86.15771/@26.0506523,78.3135764,6z/data=!4m8!4m7!1m5!1m1!1s0x399be207e556dd5d:0x379527c1feb0fcbc!2m2!1d81.0648758!2d26.8912141!1m0?entry=ttu&g_ep=EgoyMDI1MDQzMC4xIKXMDSoASAFQAw%3D%3D",26.0506523,78.3135764
Bihar,Begusarai,IOCL - Jai maa bhawani Charging Station,Indian Oil Corp. Ltd Kisan Sewa Kendra At Po Mansurchak District Begusarai,9973749803,AC TYPE 2,09:00 AM - 10:00 PM,"https://www.google.com/maps/dir/Uattardhona,+Uttar+Pradesh/26.049405,85.956101/@26.390486,78.2176126,6z/data=!3m1!4b1!4m8!4m7!1m5!1m1!1s0x399be207e556dd5d:0x379527c1feb0fcbc!2m2!1d81.0648758!2d26.8912141!1m0?entry=ttu&g_ep=EgoyMDI1MDQzMC4xIKXMDSoASAFQAw%3D%3D",26.390486,78.2176126
Bihar,Bhagalpur,TML - Shankar Motors Charging Station,"Ground Floor, Sabour Rd, Near Engineering College, Prem Nagar",7045041037,CCS-II,12:00 AM - 11:59 PM,"https://www.google.com/maps/dir/Uattardhona,+Uttar+Pradesh/25.2522094,87.045028/@25.9927524,78.7664308,6z/data=!3m1!4b1!4m8!4m7!1m5!1m1!1s0x399be207e556dd5d:0x379527c1feb0fcbc!2m2!1d81.0648758!2d26.8912141!1m0?entry=ttu&g_ep=EgoyMDI1MDQzMC4xIKXMDSoASAFQAw%3D%3D",25.9927524,78.7664308
Bihar,Bhagalpur,IOCL - Shivam Aryan Charging Station,"Ground Floor, Kohrapo, Mirjanhat, Lodipur Kohra",8877745111,Bharat DC-001,12:00 AM - 11:59 PM,"https://www.google.com/maps/dir/Uattardhona,+Uttar+Pradesh/25.218071,86.997891/@25.9756969,78.766423,6z/data=!4m8!4m7!1m5!1m1!1s0x399be207e556dd5d:0x379527c1feb0fcbc!2m2!1d81.0648758!2d26.8912141!1m0?entry=ttu&g_ep=EgoyMDI1MDQzMC4xIKXMDSoASAFQAw%3D%3D",25.9756969,78.766423
Bihar,Bhagalpur,Maa Shakti Fuel Centre - Bhagalpur Charging Station,"M/S EVI Technologies Pvt Ltd., Gaura Chauki P.O. Gaura Chauki, P.S. Kajreily On Bhagalpur - Amarpur Road",,AC TYPE 2,12:30 AM - 11:59 PM,"https://www.google.com/maps/dir/Uattardhona,+Uttar+Pradesh/25.2013763,86.949338/@25.9675673,78.7096838,6z/data=!4m8!4m7!1m5!1m1!1s0x399be207e556dd5d:0x379527c1feb0fcbc!2m2!1d81.0648758!2d26.8912141!1m0?entry=ttu&g_ep=EgoyMDI1MDQzMC4xIKXMDSoASAFQAw%3D%3D",25.9675673,78.7096838
Bihar,East Champaran,IOCL - Aditya Charging Station,"Aditya Petroleum,Indian Oil Retail Outlet At:Shambhu Chak P.S:Kalyanpur",,Bharat AC001,12:00 AM - 11:59 PM,"https://www.google.com/maps/dir/Uattardhona,+Uttar+Pradesh/26.435196,84.931663/@26.6118358,80.3525695,7z/data=!3m1!4b1!4m8!4m7!1m5!1m1!1s0x399be207e556dd5d:0x379527c1feb0fcbc!2m2!1d81.0648758!2d26.8912141!1m0?entry=ttu&g_ep=EgoyMDI1MDQzMC4xIKXMDSoASAFQAw%3D%3D",26.6118358,80.3525695
Bihar,East Champaran,IOCL - Pammi Charging Station,At:Turkauliya P.S:Turkauliya,,Bharat AC001AC TYPE 2,12:00 AM - 11:59 PM,"https://www.google.com/maps/dir/Uattardhona,+Uttar+Pradesh/26.597082,84.837114/@26.6118358,80.3088492,7z/data=!3m1!4b1!4m8!4m7!1m5!1m1!1s0x399be207e556dd5d:0x379527c1feb0fcbc!2m2!1d81.0648758!2d26.8912141!1m0?entry=ttu&g_ep=EgoyMDI1MDQzMC4xIKXMDSoASAFQAw%3D%3D",26.6118358,80.3088492
Bihar,East Champaran,IOCL - Maa Sumitra Charging Station,At:Sugapipar P.S:Patahi,,AC TYPE 2,12:00 AM - 11:59 PM,"https://www.google.com/maps/dir/Current+Location/26.56625,85.188676",26.56625,85.188676
Bihar,East Champaran,IOCL - Gaytri Charging Station,"Gaytri Maya Petroleum,Indianoil Petrol Pump Mouza:Rampur Kodar",,Bharat AC001AC TYPE 2,12:00 AM - 11:59 PM,"https://www.google.com/maps/dir/Uattardhona,+Uttar+Pradesh/26.312916,84.844837/@26.5954267,80.3123409,7z/data=!3m1!4b1!4m8!4m7!1m5!1m1!1s0x399be207e556dd5d:0x379527c1feb0fcbc!2m2!1d81.0648758!2d26.8912141!1m0?entry=ttu&g_ep=EgoyMDI1MDQzMC4xIKXMDSoASAFQAw%3D%3D",26.5954267,80.3123409
Bihar,East Champaran,IOCL - Shree Charging Station,At:Rajpur P.S:Keshariya,,Bharat AC001AC TYPE 2,12:00 AM - 11:59 PM,"https://www.google.com/maps/dir/Uattardhona,+Uttar+Pradesh/25.531306,84.575117/@26.1632454,80.1760956,7z/data=!4m8!4m7!1m5!1m1!1s0x399be207e556dd5d:0x379527c1feb0fcbc!2m2!1d81.0648758!2d26.8912141!1m0?entry=ttu&g_ep=EgoyMDI1MDQzMC4xIKXMDSoASAFQAw%3D%3D",26.1632454,80.1760956
Bihar,East Champaran,Mankamna Hp - Sangrampur Charging Station,"EVI Technologies Pvt Ltd, Hp Petrol Pump At - Sangrampur Po & Ps - Sangrampur",,AC TYPE 2,24 Hours,"https://www.google.com/maps/dir/Uattardhona,+Uttar+Pradesh/26.47736,84.67843/@26.6118358,80.2729753,7z/data=!3m1!4b1!4m8!4m7!1m5!1m1!1s0x399be207e556dd5d:0x379527c1feb0fcbc!2m2!1d81.0648758!2d26.8912141!1m0?entry=ttu&g_ep=EgoyMDI1MDQzMC4xIKXMDSoASAFQAw%3D%3D",26.6118358,80.2729753
Bihar,East Champaran,IOCL - Suraj Charging Station,"Krishnanagar, NH-104, Sheohar Road",,Bharat AC001AC TYPE 2,12:00 AM - 11:59 PM,"https://www.google.com/maps/dir/Uattardhona,+Uttar+Pradesh/26.45927,85.158815/@26.6118358,80.4661483,7z/data=!3m1!4b1!4m8!4m7!1m5!1m1!1s0x399be207e556dd5d:0x379527c1feb0fcbc!2m2!1d81.0648758!2d26.8912141!1m0?entry=ttu&g_ep=EgoyMDI1MDQzMC4xIKXMDSoASAFQAw%3D%3D",26.6118358,80.4661483
Bihar,Gaya,Tata Power - Sara Automobil Charging Station,"Eicher Agency, NH-2 Opp: Punjab National Bank, Suramandal Near Check Post, Dobhi",18002095161,DC,12:00 AM - 11:00 PM,"https://www.google.com/maps/dir/Uattardhona,+Uttar+Pradesh/24.525316,84.932252/@25.6835768,80.3634776,7z/data=!3m1!4b1!4m8!4m7!1m5!1m1!1s0x399be207e556dd5d:0x379527c1feb0fcbc!2m2!1d81.0648758!2d26.8912141!1m0?entry=ttu&g_ep=EgoyMDI1MDQzMC4xIKXMDSoASAFQAw%3D%3D",25.6835768,80.3634776
Bihar,Gaya,IOCL - Janak dulari kisan Charging Station,Mauza-Sagahi Taluka-Gurua,9934233262,Bharat AC001,12:00 AM - 11:59 PM,"https://www.google.com/maps/dir/Uattardhona,+Uttar+Pradesh/24.626343,84.841336/@25.7081091,80.3073266,7z/data=!3m1!4b1!4m8!4m7!1m5!1m1!1s0x399be207e556dd5d:0x379527c1feb0fcbc!2m2!1d81.0648758!2d26.8912141!1m0?entry=ttu&g_ep=EgoyMDI1MDQzMC4xIKXMDSoASAFQAw%3D%3D",25.7081091,80.3073266
Bihar,Gaya,IOCL - Om Sai Charging Station,Vill+Po+Ps:- Fatehpur,,AC TYPE 2,06:00 AM - 10:00 PM,"https://www.google.com/maps/dir/Uattardhona,+Uttar+Pradesh/24.633559,85.233107/@25.6747013,80.5032096,7z/data=!4m8!4m7!1m5!1m1!1s0x399be207e556dd5d:0x379527c1feb0fcbc!2m2!1d81.0648758!2d26.8912141!1m0?entry=ttu&g_ep=EgoyMDI1MDQzMC4xIKXMDSoASAFQAw%3D%3D",25.6747013,80.5032096
Bihar,Gaya,Tata Power - Kusumnath Automobiles Charging Station,"Ground Floor, NH 83, Gaya - Bodhgaya Rd, Near Tekna Farm, Ghughari Tand, Tikuna",7045041185,CCS-II,12:00 AM - 11:59 PM,"https://www.google.com/maps/dir/Uattardhona,+Uttar+Pradesh/24.731849,84.966617/@25.691339,80.4472213,7z/data=!4m8!4m7!1m5!1m1!1s0x399be207e556dd5d:0x379527c1feb0fcbc!2m2!1d81.0648758!2d26.8912141!1m0?entry=ttu&g_ep=EgoyMDI1MDQzMC4xIKXMDSoASAFQAw%3D%3D",25.691339,80.4472213
Bihar,Gaya,HPCL - Tuturkhi Charging Station,"Hamara Pump Tutarkhi,Vill:- Tuturkhi Po Ps :- Koch",,Bharat AC001,12:00 AM - 11:59 PM,"https://www.google.com/maps/dir/Uattardhona,+Uttar+Pradesh/25.02775,84.726366/@25.8648425,80.2498531,7z/data=!4m8!4m7!1m5!1m1!1s0x399be207e556dd5d:0x379527c1feb0fcbc!2m2!1d81.0648758!2d26.8912141!1m0?entry=ttu&g_ep=EgoyMDI1MDQzMC4xIKXMDSoASAFQAw%3D%3D",25.8648425,80.2498531
Bihar,Gaya,HPCL- Gaya Charging Station,"Hamara Pump Gurua,Po Ps :- Gurua",,Bharat AC001,12:00 AM - 11:59 PM,"https://www.google.com/maps/dir/Uattardhona,+Uttar+Pradesh/24.6682625,84.778712/@25.7151153,80.2760825,7z/data=!3m1!4b1!4m8!4m7!1m5!1m1!1s0x399be207e556dd5d:0x379527c1feb0fcbc!2m2!1d81.0648758!2d26.8912141!1m0?entry=ttu&g_ep=EgoyMDI1MDQzMC4xIKXMDSoASAFQAw%3D%3D",25.7151153,80.2760825
Bihar,Gopalganj,Narainian Charging Station,"Narainian, Gopalganj, NH-85, Gopalganj Siwan Road, Saran, Saran",,Bharat AC001Type 2,Closed Now,"https://www.google.com/maps/dir/Uattardhona,+Uttar+Pradesh/26.381694,84.34339/@26.6227417,80.10848,7z/data=!3m1!4b1!4m8!4m7!1m5!1m1!1s0x399be207e556dd5d:0x379527c1feb0fcbc!2m2!1d81.0648758!2d26.8912141!1m0?entry=ttu&g_ep=EgoyMDI1MDQzMC4xIKXMDSoASAFQAw%3D%3D",26.6227417,80.10848
Bihar,Gopalganj,IOCL - R N Charging Station,At:Singha P.S:Mirganj,9006668817,Bharat AC001AC TYPE 2,12:00 AM - 11:59 PM,"https://www.google.com/maps/dir/Uattardhona,+Uttar+Pradesh/26.36446,84.277165/@26.4567905,80.0326954,7z/data=!3m1!4b1!4m8!4m7!1m5!1m1!1s0x399be207e556dd5d:0x379527c1feb0fcbc!2m2!1d81.0648758!2d26.8912141!1m0?entry=ttu&g_ep=EgoyMDI1MDQzMC4xIKXMDSoASAFQAw%3D%3D",26.4567905,80.0326954
Bihar,Jamui,IOCL - Highway Fuel And Services Charging Station,"Highway Fuel And Services,Sajua On Sh-22",,Bharat AC001AC TYPE 2,12:00 AM - 11:59 PM,"https://www.google.com/maps/dir/Uattardhona,+Uttar+Pradesh/25.186943,86.684344/@25.9441161,78.5800288,6z/data=!3m1!4b1!4m8!4m7!1m5!1m1!1s0x399be207e556dd5d:0x379527c1feb0fcbc!2m2!1d81.0648758!2d26.8912141!1m0?entry=ttu&g_ep=EgoyMDI1MDQzMC4xIKXMDSoASAFQAw%3D%3D",25.9441161,78.5800288
Bihar,Jehanabad,IOCL - Suman Charging Station,At-Surajpurpo+Ps-Hulasganj,,Bharat AC001,10:00 AM - 07:00 PM,"https://www.google.com/maps/dir/Uattardhona,+Uttar+Pradesh/25.078493,85.146816/@25.9633628,80.4613034,7z/data=!3m1!4b1!4m8!4m7!1m5!1m1!1s0x399be207e556dd5d:0x379527c1feb0fcbc!2m2!1d81.0648758!2d26.8912141!1m0?entry=ttu&g_ep=EgoyMDI1MDQzMC4xIKXMDSoASAFQAw%3D%3D",25.9633628,80.4613034
Bihar,Katihar,IOCL - Sadique Charging Station,Keshorejhara Po-Raepurps-Paharkatta Dist-Kishanganj,,Bharat AC001AC TYPE 2,12:00 AM - 11:59 PM,"https://www.google.com/maps/dir/Uattardhona,+Uttar+Pradesh/26.1187014,87.94391/@26.4210449,79.2122467,6z/data=!3m1!4b1!4m8!4m7!1m5!1m1!1s0x399be207e556dd5d:0x379527c1feb0fcbc!2m2!1d81.0648758!2d26.8912141!1m0?entry=ttu&g_ep=EgoyMDI1MDQzMC4xIKXMDSoASAFQAw%3D%3D",26.4210449,79.2122467
Bihar,Katihar,Azad Charging Station,"A.K.Azad Service Centre,At-Harnaroi Po-Chhogharaps-Abadpur Block-Barsoidist",,Bharat AC001AC TYPE 2,12:00 AM - 11:59 PM,"https://www.google.com/maps/dir/Uattardhona,+Uttar+Pradesh/25.533463,88.038364/@26.0506523,79.2539263,6z/data=!3m1!4b1!4m8!4m7!1m5!1m1!1s0x399be207e556dd5d:0x379527c1feb0fcbc!2m2!1d81.0648758!2d26.8912141!1m0?entry=ttu&g_ep=EgoyMDI1MDQzMC4xIKXMDSoASAFQAw%3D%3D",26.0506523,79.2539263
Bihar,Madhepura,BPCL - Riya Charging Station,Vill-Bishanpur Ps-Alamnagar Dist-Madhepura,9934901492,Bharat AC001AC TYPE 2,12:00 AM - 11:59 PM,"https://www.google.com/maps/dir/Uattardhona,+Uttar+Pradesh/25.40649,86.94311/@25.985043,78.6400815,6z/data=!3m1!4b1!4m8!4m7!1m5!1m1!1s0x399be207e556dd5d:0x379527c1feb0fcbc!2m2!1d81.0648758!2d26.8912141!1m0?entry=ttu&g_ep=EgoyMDI1MDQzMC4xIKXMDSoASAFQAw%3D%3D",25.985043,78.6400815
Bihar,Madhepura,Anil Charging Station,"Anil Prabudh Fuel Centre,Vill+Po-Rajni Ps-Murliganj",,Bharat AC001AC TYPE 2,12:00 AM - 11:59 PM,"https://www.google.com/maps/dir/Uattardhona,+Uttar+Pradesh/25.83495,86.987323/@26.0506523,78.7328084,6z/data=!4m8!4m7!1m5!1m1!1s0x399be207e556dd5d:0x379527c1feb0fcbc!2m2!1d81.0648758!2d26.8912141!1m0?entry=ttu&g_ep=EgoyMDI1MDQzMC4xIKXMDSoASAFQAw%3D%3D",26.0506523,78.7328084
Bihar,Madhepura,IOCL - Arya Charging Station,"Arya Petroleum,Sukhasan Madhepura",,Bharat AC001AC TYPE 2,12:00 AM - 11:59 AM,"https://www.google.com/maps/dir/Uattardhona,+Uttar+Pradesh/25.8682152,86.779628/@26.0506523,78.6388283,6z/data=!4m8!4m7!1m5!1m1!1s0x399be207e556dd5d:0x379527c1feb0fcbc!2m2!1d81.0648758!2d26.8912141!1m0?entry=ttu&g_ep=EgoyMDI1MDQzMC4xIKXMDSoASAFQAw%3D%3D",26.0506523,78.6388283
Bihar,Madhepura,IOCL - Ayush Charging Station,"Vill-Majhuwash-77 Ps-Raniganj, Araria",,Bharat AC001AC TYPE 2,12:00 PM - 11:59 PM,"https://www.google.com/maps/dir/Uattardhona,+Uttar+Pradesh/26.017468,87.258459/@26.3745123,78.8686067,6z/data=!3m1!4b1!4m8!4m7!1m5!1m1!1s0x399be207e556dd5d:0x379527c1feb0fcbc!2m2!1d81.0648758!2d26.8912141!1m0?entry=ttu&g_ep=EgoyMDI1MDQzMC4xIKXMDSoASAFQAw%3D%3D",26.3745123,78.8686067
Bihar,Madhepura,Knm HP- Kamleshwari Nagar Charging Station,"Knm Hp,Hp Petrol Pump Ward No. 25, Kamleshwari Nagar Sukhasan Road",,AC TYPE 2,24 Hours,"https://www.google.com/maps/dir/Uattardhona,+Uttar+Pradesh/25.9013,86.784043/@26.164201,78.5725834,6z/data=!3m1!4b1!4m8!4m7!1m5!1m1!1s0x399be207e556dd5d:0x379527c1feb0fcbc!2m2!1d81.0648758!2d26.8912141!1m0?entry=ttu&g_ep=EgoyMDI1MDQzMC4xIKXMDSoASAFQAw%3D%3D",26.164201,78.5725834
Bihar,Madhubani,IOCL - Rasula Charging Station,"Rasula Petroleum,Indian Oil Petroleum At:Pipraun P.S:Harlakhi",,Bharat AC001AC TYPE 2,12:00 AM - 11:59 PM,"https://www.google.com/maps/dir/Uattardhona,+Uttar+Pradesh/26.6370383,85.970433/@26.5382433,78.2267053,6z/data=!3m1!4b1!4m8!4m7!1m5!1m1!1s0x399be207e556dd5d:0x379527c1feb0fcbc!2m2!1d81.0648758!2d26.8912141!1m0?entry=ttu&g_ep=EgoyMDI1MDQzMC4xIKXMDSoASAFQAw%3D%3D",26.5382433,78.2267053
Bihar,Madhubani,HPCL - Anjali Charging Station,On Nh-57 Po-Hariyahi,,AC TYPE 2,12:00 AM - 11:59 PM,"https://www.google.com/maps/dir/Uattardhona,+Uttar+Pradesh/26.32306,86.61426/@26.4210449,78.546523,6z/data=!3m1!4b1!4m8!4m7!1m5!1m1!1s0x399be207e556dd5d:0x379527c1feb0fcbc!2m2!1d81.0648758!2d26.8912141!1m0?entry=ttu&g_ep=EgoyMDI1MDQzMC4xIKXMDSoASAFQAw%3D%3D",26.4210449,78.546523
Bihar,Muzaffarpur,IOCL - Laxmi Charging Station,Indian Oil Petrol Pump At Anandpur P.S Saraiya,9304310501,Bharat AC001AC TYPE 2,12:00 AM - 11:59 PM,"https://www.google.com/maps/dir/Uattardhona,+Uttar+Pradesh/26.039044,85.13459/@26.458618,80.4661539,7z/data=!3m1!4b1!4m8!4m7!1m5!1m1!1s0x399be207e556dd5d:0x379527c1feb0fcbc!2m2!1d81.0648758!2d26.8912141!1m0?entry=ttu&g_ep=EgoyMDI1MDQzMC4xIKXMDSoASAFQAw%3D%3D",26.458618,80.4661539
Bihar,Muzaffarpur,IOCL - Maa Urmila Charging Station,"Nankar, Patsar, Piar Bandra",9934888027,Bharat AC001AC TYPE 2,12:00 AM - 11:59 PM,"https://www.google.com/maps/dir/Uattardhona,+Uttar+Pradesh/25.97754,85.650767/@26.4246805,80.7166503,7z/data=!3m1!4b1!4m8!4m7!1m5!1m1!1s0x399be207e556dd5d:0x379527c1feb0fcbc!2m2!1d81.0648758!2d26.8912141!1m0?entry=ttu&g_ep=EgoyMDI1MDQzMC4xIKXMDSoASAFQAw%3D%3D",26.4246805,80.7166503
Bihar,Muzaffarpur,IOCL - Mahaveer Energy Charging Station,Basantpur Patti P.S:Saraiyaa,9383146900,Bharat AC001AC TYPE 2,12:00 AM - 11:59 PM,"https://www.google.com/maps/dir/Uattardhona,+Uttar+Pradesh/25.799289,86.527955/@26.0506523,78.5411648,6z/data=!3m1!4b1!4m8!4m7!1m5!1m1!1s0x399be207e556dd5d:0x379527c1feb0fcbc!2m2!1d81.0648758!2d26.8912141!1m0?entry=ttu&g_ep=EgoyMDI1MDQzMC4xIKXMDSoASAFQAw%3D%3D",26.0506523,78.5411648
Bihar,Muzaffarpur,IOCL - Shri Narendra Charging Station,"Ground Floor, Kurhani, Turki Basouli",7488719016,Bharat AC001AC TYPE 2,12:00 AM - 11:59 PM,"https://www.google.com/maps/dir/Uattardhona,+Uttar+Pradesh/26.034995,85.341219/@26.4493192,80.5801918,7z/data=!3m1!4b1!4m8!4m7!1m5!1m1!1s0x399be207e556dd5d:0x379527c1feb0fcbc!2m2!1d81.0648758!2d26.8912141!1m0?entry=ttu&g_ep=EgoyMDI1MDQzMC4xIKXMDSoASAFQAw%3D%3D",26.4493192,80.5801918
Bihar,Muzaffarpur,IOCL - Suresh Babu Charging Station,Fatehpur Ahiyapur,9934016368,Bharat AC001AC TYPE 2,12:00 AM - 11:59 PM,"https://www.google.com/maps/dir/Uattardhona,+Uttar+Pradesh/26.161279,85.409122/@26.5164141,80.5966361,7z/data=!3m1!4b1!4m8!4m7!1m5!1m1!1s0x399be207e556dd5d:0x379527c1feb0fcbc!2m2!1d81.0648758!2d26.8912141!1m0?entry=ttu&g_ep=EgoyMDI1MDQzMC4xIKXMDSoASAFQAw%3D%3D",26.5164141,80.5966361
Bihar,Muzaffarpur,IOCL - Surya Auto Charging Station,At:Mahamadpur Baya P.S:Saraiya,9436839023,Bharat AC001AC TYPE 2,12:00 AM - 11:59 PM,"https://www.google.com/maps/dir/Uattardhona,+Uttar+Pradesh/25.541249,84.65395/@26.1943244,80.2136696,7z/data=!4m8!4m7!1m5!1m1!1s0x399be207e556dd5d:0x379527c1feb0fcbc!2m2!1d81.0648758!2d26.8912141!1m0?entry=ttu&g_ep=EgoyMDI1MDQzMC4xIKXMDSoASAFQAw%3D%3D",26.1943244,80.2136696
Bihar,Muzaffarpur,IOCL - Baba Garibnath Charging Station,"Ground Floor, Kanti B Mahanand",9431238922,Bharat AC001AC TYPE 2,12:00 AM - 11:59 PM,"https://www.google.com/maps/dir/Current+Location/26.21998,85.301396",26.21998,85.301396
Bihar,Muzaffarpur,IOCL - Sanjay Charging Station,Puraina P.S+P.O:Minapur,8709182041,Bharat AC001AC TYPE 2,12:00 AM - 11:59 PM,"https://www.google.com/maps/dir/Uattardhona,+Uttar+Pradesh/26.70718,85.026229/@26.6118358,80.4045503,7z/data=!3m1!4b1!4m8!4m7!1m5!1m1!1s0x399be207e556dd5d:0x379527c1feb0fcbc!2m2!1d81.0648758!2d26.8912141!1m0?entry=ttu&g_ep=EgoyMDI1MDQzMC4xIKXMDSoASAFQAw%3D%3D",26.6118358,80.4045503
Bihar,Muzaffarpur,Charger - Amica Automibles Charging Station,"Mahammadpur Kazi, Sutapatti, Pokhraira",7829330410,16 Amp,10:00 AM - 07:00 PM,"https://www.google.com/maps/dir/Current+Location/26.372627,85.610189",26.372627,85.610189
Bihar,Muzaffarpur,Charger - Amica Automobiles Charging Station,Balia,7829330410,16 Amp,10:00 AM - 07:00 PM,"https://www.google.com/maps/dir/Uattardhona,+Uttar+Pradesh/25.418231,86.318385/@26.0506523,78.393995,6z/data=!3m1!4b1!4m8!4m7!1m5!1m1!1s0x399be207e556dd5d:0x379527c1feb0fcbc!2m2!1d81.0648758!2d26.8912141!1m0?entry=ttu&g_ep=EgoyMDI1MDQzMC4xIKXMDSoASAFQAw%3D%3D",26.0506523,78.393995
Bihar,Muzaffarpur,Charger - Amica Automibles Pvt. Ltd. Charging Station,"Kalyani Chowk, Motijheel Road, Mahammadpur Kazi, Sutapatti, Pokhraira",7829330410,16 Amp,10:00 AM - 07:00 PM,"https://www.google.com/maps/dir/Uattardhona,+Uttar+Pradesh/26.119556,85.390976/@26.4986753,80.5867067,7z/data=!3m1!4b1!4m8!4m7!1m5!1m1!1s0x399be207e556dd5d:0x379527c1feb0fcbc!2m2!1d81.0648758!2d26.8912141!1m0?entry=ttu&g_ep=EgoyMDI1MDQzMC4xIKXMDSoASAFQAw%3D%3D",26.4986753,80.5867067
Bihar,Muzaffarpur,Charger - Amica Automobiles Charging Station,"143 Kurhani Deori, Near Power Sub Station, Kurhani",7829330410,16 Amp,10:00 AM - 07:00 PM,"https://www.google.com/maps/dir/Uattardhona,+Uttar+Pradesh/25.98179,85.331079/@26.2215476,80.5522361,7z/data=!3m1!4b1!4m8!4m7!1m5!1m1!1s0x399be207e556dd5d:0x379527c1feb0fcbc!2m2!1d81.0648758!2d26.8912141!1m0?entry=ttu&g_ep=EgoyMDI1MDQzMC4xIKXMDSoASAFQAw%3D%3D",26.2215476,80.5522361
Bihar,Muzaffarpur,Tata Power - Ideal dealers Charging Station,"Showroom & Workshop, Vill: Sakri Saraiya, P:S: Kudhni",7086049819,CCS-II,Closed Now,"https://www.google.com/maps/dir/Uattardhona,+Uttar+Pradesh/26.053785,85.3585/@26.2215476,80.5660517,7z/data=!3m1!4b1!4m8!4m7!1m5!1m1!1s0x399be207e556dd5d:0x379527c1feb0fcbc!2m2!1d81.0648758!2d26.8912141!1m0?entry=ttu&g_ep=EgoyMDI1MDQzMC4xIKXMDSoASAFQAw%3D%3D",26.2215476,80.5660517
Bihar,Nalanda,IOCL - Life Line Charging Station,"Life Line Kisan Sewa Kendra,Indian Oil Kisan Seva Kendra At-Sikandarpur Barakarsilao",,Bharat AC001AC TYPE 2,12:00 AM - 11:59 PM,"https://www.google.com/maps/dir/Uattardhona,+Uttar+Pradesh/25.916251,82.02653/@26.4047204,80.9002215,9z/data=!3m1!4b1!4m8!4m7!1m5!1m1!1s0x399be207e556dd5d:0x379527c1feb0fcbc!2m2!1d81.0648758!2d26.8912141!1m0?entry=ttu&g_ep=EgoyMDI1MDQzMC4xIKXMDSoASAFQAw%3D%3D",26.4047204,80.9002215
Bihar,Nawada,IOCL - Jai Charging Station,"Jai Jageswer Fuel Station,Dealer-Indian Oil Retail Outlet Mauza-Dularpuraanchal-Rajauli",9810417077,Bharat AC001AC TYPE 2,12:00 AM - 11:59 PM,"https://www.google.com/maps/dir/Uattardhona,+Uttar+Pradesh/24.641058,85.480943/@25.6747013,80.6608608,7z/data=!4m8!4m7!1m5!1m1!1s0x399be207e556dd5d:0x379527c1feb0fcbc!2m2!1d81.0648758!2d26.8912141!1m0?entry=ttu&g_ep=EgoyMDI1MDQzMC4xIKXMDSoASAFQAw%3D%3D",25.6747013,80.6608608
Bihar,Nawada,IOCL- Suresh Fuel Charging Station,Indian Oil Kisan Seva Kendra Mauza-Apsarhblock-Warsaliganj,,Bharat AC001AC TYPE 2,12:00 AM - 11:59 PM,"https://www.google.com/maps/dir/V3QF%2BWCX,+Uattardhona,+Uttar+Pradesh+226010/25.078434,85.666587/@25.9552808,80.7199703,7z/data=!4m8!4m7!1m5!1m1!1s0x399be2006c71e24d:0x5989857f6b7db633!2m2!1d81.0738702!2d26.889762!1m0?entry=ttu&g_ep=EgoyMDI1MDQzMC4xIKXMDSoASAFQAw%3D%3D",25.9552808,80.7199703
Bihar,Patna,Tata Power - Ananya Auto Charging Station,"No 17, Chowk, NH 80, Bakhtiyarpur Road",8291104239,CCS-II,12:00 AM - 11:59 PM,"https://www.google.com/maps/dir/V3QF%2BWCX,+Uattardhona,+Uttar+Pradesh+226010/25.608658,85.042339/@26.2053544,80.4084879,7z/data=!4m8!4m7!1m5!1m1!1s0x399be2006c71e24d:0x5989857f6b7db633!2m2!1d81.0738702!2d26.889762!1m0?entry=ttu&g_ep=EgoyMDI1MDQzMC4xIKXMDSoASAFQAw%3D%3D",26.2053544,80.4084879
Bihar,Patna,Tata Power - Ginger Patna (Private - Charger),"264, Fraser Rd, Old Jakkanpur, Fraser Road Area",9223581898,CCS-IIAC TYPE 2,12:00 AM - 11:59 PM,"https://www.google.com/maps/dir/Current+Location/25.6101902,85.138098",25.6101902,85.138098
Bihar,Patna,"Tata Power - The Panache, South Gandhi Maidan","The Panache, West Of Ram Gulam Chowk, South Gandhi Maidan",6122501133,CCS-IIAC TYPE 2,12:00 AM - 11:59 PM,"https://www.google.com/maps/dir/V3QF%2BWCX,+Uattardhona,+Uttar+Pradesh+226010/25.615546,85.144191/@26.1712343,80.459022,7z/data=!4m8!4m7!1m5!1m1!1s0x399be2006c71e24d:0x5989857f6b7db633!2m2!1d81.0738702!2d26.889762!1m0?entry=ttu&g_ep=EgoyMDI1MDQzMC4xIKXMDSoASAFQAw%3D%3D",26.1712343,80.459022
Bihar,Patna,Tata Power - Shankar Motors Charging Station,"C1 Behind P&M Mall, Patliputra Industrial Area",9246419559,CCS-IICHAdeMO,12:00 AM - 11:59 PM,"https://www.google.com/maps/dir/Current+Location/25.634199,85.105514",25.634199,85.105514
Bihar,Patna,Mahindra - Kiran Automobiles Charging Station,"Kamaldah Path, Patna Bypass Road, NH 30, Ranipur",9263181133,AC PLUG POINT3PIN,10:00 AM - 07:00 PM,"https://www.google.com/maps/dir/V3QF%2BWCX,+Uattardhona,+Uttar+Pradesh+226010/25.585118,85.201414/@26.2053544,80.4874024,7z/data=!4m8!4m7!1m5!1m1!1s0x399be2006c71e24d:0x5989857f6b7db633!2m2!1d81.0738702!2d26.889762!1m0?entry=ttu&g_ep=EgoyMDI1MDQzMC4xIKXMDSoASAFQAw%3D%3D",26.2053544,80.4874024
Bihar,Patna,Volkswagen - Electric Charging Station,"NH 30, Patna Bypass, Didarganj, Next To JCB, Narayan Nagar, Paijawa",9771409008,AC PLUG POINTAC TYPE 2,10:00 AM - 07:00 PM,"https://www.google.com/maps/dir/Current+Location/25.571107,85.244832",25.571107,85.244832
Bihar,Patna,IOCL - Manju Charging Station,"Sonkukrathana, Masaurhi Barawan",9661127823,AC TYPE 2,12:00 AM - 11:59 PM,"https://www.google.com/maps/dir/V3QF%2BWCX,+Uattardhona,+Uttar+Pradesh+226010/25.363506,85.017455/@26.1048473,80.3954179,7z/data=!4m8!4m7!1m5!1m1!1s0x399be2006c71e24d:0x5989857f6b7db633!2m2!1d81.0738702!2d26.889762!1m0?entry=ttu&g_ep=EgoyMDI1MDQzMC4xIKXMDSoASAFQAw%3D%3D",26.1048473,80.3954179
Bihar,Patna,IOCL - Lagan Gaurav Kisan Sewa Kendra,"Ground Floor, Birpo, Dhanarua Berthu",9934475392,Bharat AC001AC TYPE 2,12:00 AM - 11:59 PM,"https://www.google.com/maps/dir/V3QF%2BWCX,+Uattardhona,+Uttar+Pradesh+226010/25.40582,85.162928/@26.1269103,80.4738353,7z/data=!4m8!4m7!1m5!1m1!1s0x399be2006c71e24d:0x5989857f6b7db633!2m2!1d81.0738702!2d26.889762!1m0?entry=ttu&g_ep=EgoyMDI1MDQzMC4xIKXMDSoASAFQAw%3D%3D",26.1269103,80.4738353
Bihar,Patna,IOCL - Vinayak Charging Station,Mauza- Saidabad Taluka-Bikram,,Bharat AC001AC TYPE 2,12:00 AM - 11:59 PM,"https://www.google.com/maps/dir/V3QF%2BWCX,+Uattardhona,+Uttar+Pradesh+226010/25.424889,84.802475/@26.136084,80.3042331,7z/data=!3m1!4b1!4m8!4m7!1m5!1m1!1s0x399be2006c71e24d:0x5989857f6b7db633!2m2!1d81.0738702!2d26.889762!1m0?entry=ttu&g_ep=EgoyMDI1MDQzMC4xIKXMDSoASAFQAw%3D%3D",26.136084,80.3042331
Bihar,Patna,IOCL - Arjun Charging Station,"Ground Floor, Lalganj, Sehrapaliganj Achua",8789260232,Bharat AC001AC TYPE 2,12:00 AM - 11:59 PM,"https://www.google.com/maps/dir/V3QF%2BWCX,+Uattardhona,+Uttar+Pradesh+226010/25.5735146,85.25102/@26.1712343,80.5190538,7z/data=!4m8!4m7!1m5!1m1!1s0x399be2006c71e24d:0x5989857f6b7db633!2m2!1d81.0738702!2d26.889762!1m0?entry=ttu&g_ep=EgoyMDI1MDQzMC4xIKXMDSoASAFQAw%3D%3D",26.1712343,80.5190538
Bihar,Patna,Tata Power - Hotels Panache Inn Amahara (Private - Charger),"Panache Inn Plot No. 2125, Near IIT Patna, Amahara, Bihta",8527000290,AC TYPE 2,12:00 AM - 11:59 PM,"https://www.google.com/maps/dir/V3QF%2BWCX,+Uattardhona,+Uttar+Pradesh+226010/25.5388496,84.858973/@26.1934026,80.3220583,7z/data=!3m1!4b1!4m8!4m7!1m5!1m1!1s0x399be2006c71e24d:0x5989857f6b7db633!2m2!1d81.0738702!2d26.889762!1m0?entry=ttu&g_ep=EgoyMDI1MDQzMC4xIKXMDSoASAFQAw%3D%3D",26.1934026,80.3220583
Bihar,Patna,Tata Power - SBI Dujra (Private - Charger),"West Gandhi Maidan, Raja Ji Salai, Dujra Diara",9223581898,AC TYPE 2,10:00 AM - 07:00 PM,"https://www.google.com/maps/dir/V3QF%2BWCX,+Uattardhona,+Uttar+Pradesh+226010/25.618793,85.141498/@26.1712343,80.4582765,7z/data=!4m8!4m7!1m5!1m1!1s0x399be2006c71e24d:0x5989857f6b7db633!2m2!1d81.0738702!2d26.889762!1m0?entry=ttu&g_ep=EgoyMDI1MDQzMC4xIKXMDSoASAFQAw%3D%3D",26.1712343,80.4582765
Bihar,Patna,"Tata Power - The Panache Banquets, Danapur (Private - Charger)","Danapur - Khagaul Rd, Opp. Samay Hospital, Saguna More, Balaji Nagar, New Tarachak",7544002852,CCS-IIAC TYPE 2,12:00 AM - 11:59 PM,"https://www.google.com/maps/dir/V3QF%2BWCX,+Uattardhona,+Uttar+Pradesh+226010/25.6187454,85.041432/@26.2053544,80.4084879,7z/data=!4m8!4m7!1m5!1m1!1s0x399be2006c71e24d:0x5989857f6b7db633!2m2!1d81.0738702!2d26.889762!1m0?entry=ttu&g_ep=EgoyMDI1MDQzMC4xIKXMDSoASAFQAw%3D%3D",26.2053544,80.4084879
Bihar,Patna,Ather-The Pacifique - Café & Lounge Charging Station,"CA 58, P C Colony Rd, Housing Board Colony, East Indira Nagar, Kankarbagh",7676600900,,10:00 AM - 09:00 PM,"https://www.google.com/maps/dir/V3QF%2BWCX,+Uattardhona,+Uttar+Pradesh+226010/25.594306,85.155553/@26.2053544,80.465855,7z/data=!3m1!4b1!4m8!4m7!1m5!1m1!1s0x399be2006c71e24d:0x5989857f6b7db633!2m2!1d81.0738702!2d26.889762!1m0?entry=ttu&g_ep=EgoyMDI1MDQzMC4xIKXMDSoASAFQAw%3D%3D",26.2053544,80.465855
Bihar,Patna,Ather-Maruti Suzuki True Value Charging Station,"Near NH139, Chandravanshinagar, Shivpuri, Chitkohra",7676600900,,10:00 AM - 09:00 PM,"https://www.google.com/maps/dir/V3QF%2BWCX,+Uattardhona,+Uttar+Pradesh+226010/25.582676,85.112467/@26.2053544,80.4429787,7z/data=!4m8!4m7!1m5!1m1!1s0x399be2006c71e24d:0x5989857f6b7db633!2m2!1d81.0738702!2d26.889762!1m0?entry=ttu&g_ep=EgoyMDI1MDQzMC4xIKXMDSoASAFQAw%3D%3D",26.2053544,80.4429787
Bihar,Patna,Ather-Alankar Auto Charging Station,"E Boring Canal Rd, Near Pantaloons, Rajapur, Buddha Colony",7676600900,,10:00 AM - 09:00 PM,"https://www.google.com/maps/dir/V3QF%2BWCX,+Uattardhona,+Uttar+Pradesh+226010/25.622542,85.124163/@26.1712343,80.44911,7z/data=!4m8!4m7!1m5!1m1!1s0x399be2006c71e24d:0x5989857f6b7db633!2m2!1d81.0738702!2d26.889762!1m0?entry=ttu&g_ep=EgoyMDI1MDQzMC4xIKXMDSoASAFQAw%3D%3D",26.1712343,80.44911
Bihar,Patna,Ather-Alankar Maruti Charging Station,Alankar Maruti Service Center Besides Alankar Suncity Apartment,7676600900,,10:00 AM - 09:00 PM,"https://www.google.com/maps/dir/V3QF%2BWCX,+Uattardhona,+Uttar+Pradesh+226010/25.622648,85.124248/@26.1712343,80.44911,7z/data=!4m8!4m7!1m5!1m1!1s0x399be2006c71e24d:0x5989857f6b7db633!2m2!1d81.0738702!2d26.889762!1m0?entry=ttu&g_ep=EgoyMDI1MDQzMC4xIKXMDSoASAFQAw%3D%3D",26.1712343,80.44911
Bihar,Patna,Ather-Patna Charging Station,"Plot No. 727, Beside Arvind Store, Bailey Road, Rukanpura",7676600900,,10:00 AM - 09:00 PM,"https://www.google.com/maps/dir/V3QF%2BWCX,+Uattardhona,+Uttar+Pradesh+226010/25.606478,85.069364/@26.2053544,80.4230947,7z/data=!4m8!4m7!1m5!1m1!1s0x399be2006c71e24d:0x5989857f6b7db633!2m2!1d81.0738702!2d26.889762!1m0?entry=ttu&g_ep=EgoyMDI1MDQzMC4xIKXMDSoASAFQAw%3D%3D",26.2053544,80.4230947
Bihar,Patna,Ather-Rupaspur Charging Station,"Bailey Rd, Rupaspur, IAS Colony",7676600900,,10:00 AM - 09:00 PM,"https://www.google.com/maps/dir/V3QF%2BWCX,+Uattardhona,+Uttar+Pradesh+226010/25.607709,85.060738/@26.2053544,80.4178536,7z/data=!4m8!4m7!1m5!1m1!1s0x399be2006c71e24d:0x5989857f6b7db633!2m2!1d81.0738702!2d26.889762!1m0?entry=ttu&g_ep=EgoyMDI1MDQzMC4xIKXMDSoASAFQAw%3D%3D",26.2053544,80.4178536
Bihar,Patna,Ather-Alankar Auto Charging Station,"Bailey Rd, Rupaspur, IAS Colony, Danapur Nizamat",7676600900,,10:00 AM - 09:00 PM,"https://www.google.com/maps/dir/V3QF%2BWCX,+Uattardhona,+Uttar+Pradesh+226010/25.609691,85.060432/@26.2053544,80.4178536,7z/data=!4m8!4m7!1m5!1m1!1s0x399be2006c71e24d:0x5989857f6b7db633!2m2!1d81.0738702!2d26.889762!1m0?entry=ttu&g_ep=EgoyMDI1MDQzMC4xIKXMDSoASAFQAw%3D%3D",26.2053544,80.4178536
Bihar,Purnia,IOCL - Maa Rupeshwari Charging Station,"Ground Floor, Bhaya Jnaki Nagar Banmankhi, Purnia",9771620000,Bharat AC001AC TYPE 2,12:00 AM - 11:59 PM,"https://www.google.com/maps/dir/V3QF%2BWCX,+Uattardhona,+Uttar+Pradesh+226010/25.942249,87.048292/@26.0506523,78.7713443,6z/data=!3m1!4b1!4m8!4m7!1m5!1m1!1s0x399be2006c71e24d:0x5989857f6b7db633!2m2!1d81.0738702!2d26.889762!1m0?entry=ttu&g_ep=EgoyMDI1MDQzMC4xIKXMDSoASAFQAw%3D%3D",26.0506523,78.7713443
Bihar,Purnia,IOCL - Sri Thakur Prasad Charging Station,Pipra Block-Banmankhi Dist-Purnea,8709402047,Bharat AC001AC TYPE 2,12:00 AM - 11:59 PM,"https://www.google.com/maps/dir/V3QF%2BWCX,+Uattardhona,+Uttar+Pradesh+226010/25.922055,87.539879/@26.0506523,79.0084124,6z/data=!3m1!4b1!4m8!4m7!1m5!1m1!1s0x399be2006c71e24d:0x5989857f6b7db633!2m2!1d81.0738702!2d26.889762!1m0?entry=ttu&g_ep=EgoyMDI1MDQzMC4xIKXMDSoASAFQAw%3D%3D",26.0506523,79.0084124
Bihar,Purnia,Tata Motors - Shankar Charging Station,"NH 31, Kishanganj Road Damka",7045053153,CCS-II,10:00 AM - 07:00 PM,"https://www.google.com/maps/dir/V3QF%2BWCX,+Uattardhona,+Uttar+Pradesh+226010/25.798113,87.553173/@25.9161356,78.6592991,6z/data=!3m1!4b1!4m8!4m7!1m5!1m1!1s0x399be2006c71e24d:0x5989857f6b7db633!2m2!1d81.0738702!2d26.889762!1m0?entry=ttu&g_ep=EgoyMDI1MDQzMC4xIKXMDSoASAFQAw%3D%3D",25.9161356,78.6592991
Bihar,Rohtas,IOCL - Natwar Charging Station,At-Khaira Bhudhar Bikramganj,,Bharat AC001AC TYPE 2,12:00 AM - 11:59 PM,"https://www.google.com/maps/dir/V3QF%2BWCX,+Uattardhona,+Uttar+Pradesh+226010/25.232893,84.17009/@26.0037282,79.9717254,7z/data=!4m8!4m7!1m5!1m1!1s0x399be2006c71e24d:0x5989857f6b7db633!2m2!1d81.0738702!2d26.889762!1m0?entry=ttu&g_ep=EgoyMDI1MDQzMC4xIKXMDSoASAFQAw%3D%3D",26.0037282,79.9717254
Bihar,Rohtas,IOCL - Satyam Fuel Station Charging Station,Dhanibarerkaps-Amba Dist-Aurangabad,,Bharat AC001AC TYPE 2,12:00 AM - 11:59 PM,"https://www.google.com/maps/dir/V3QF%2BWCX,+Uattardhona,+Uttar+Pradesh+226010/24.627303,84.282844/@25.737885,80.0680474,7z/data=!3m1!4b1!4m8!4m7!1m5!1m1!1s0x399be2006c71e24d:0x5989857f6b7db633!2m2!1d81.0738702!2d26.889762!1m0?entry=ttu&g_ep=EgoyMDI1MDQzMC4xIKXMDSoASAFQAw%3D%3D",25.737885,80.0680474
Bihar,Saharsa,IOCL - Ravindra Poonam Charging Station,"Pipal Asthan, Baijnathpur Aurai",9472064179,Bharat AC001AC TYPE 2,12:00 AM - 11:59 PM,"https://www.google.com/maps/dir/Current+Location/26.395044,86.153461",26.395044,86.153461
Bihar,Samastipur,HPCL - Narayanee Charging Station,Mauza-Mathurapur Dalsinghsarai,,Bharat AC001AC TYPE 2,12:00 AM - 11:59 PM,"https://www.google.com/maps/dir/V3QF%2BWCX,+Uattardhona,+Uttar+Pradesh+226010/25.659693,85.804435/@26.2206334,80.7998084,7z/data=!4m8!4m7!1m5!1m1!1s0x399be2006c71e24d:0x5989857f6b7db633!2m2!1d81.0738702!2d26.889762!1m0?entry=ttu&g_ep=EgoyMDI1MDQzMC4xIKXMDSoASAFQAw%3D%3D",26.2206334,80.7998084
Bihar,Samastipur,IOCL - Sarraf Charging Station,Vill-Bithan Po+Ps-Bithan,,Bharat AC001AC TYPE 2,12:00 AM - 11:59 PM,"https://www.google.com/maps/dir/V3QF%2BWCX,+Uattardhona,+Uttar+Pradesh+226010/25.7045566,86.291474/@26.0506523,78.3804584,6z/data=!3m1!4b1!4m8!4m7!1m5!1m1!1s0x399be2006c71e24d:0x5989857f6b7db633!2m2!1d81.0738702!2d26.889762!1m0?entry=ttu&g_ep=EgoyMDI1MDQzMC4xIKXMDSoASAFQAw%3D%3D",26.0506523,78.3804584
Bihar,Samastipur,IOCL - Aman Charging Station,"Aman Petroleum,Bibhutipur Bibhutipur",,Bharat AC001AC TYPE 2,12:00 AM - 11:59 PM,"https://www.google.com/maps/dir/V3QF%2BWCX,+Uattardhona,+Uttar+Pradesh+226010/25.698077,85.980756/@26.0506523,78.2492552,6z/data=!4m8!4m7!1m5!1m1!1s0x399be2006c71e24d:0x5989857f6b7db633!2m2!1d81.0738702!2d26.889762!1m0?entry=ttu&g_ep=EgoyMDI1MDQzMC4xIKXMDSoASAFQAw%3D%3D",26.0506523,78.2492552
Bihar,Samastipur,IOCL - Warisnagar Charging Station,"Apna Fuel,Warisnagar Satlampur",,Bharat AC001,12:00 AM - 11:59 PM,"https://www.google.com/maps/dir/V3QF%2BWCX,+Uattardhona,+Uttar+Pradesh+226010/25.878772,85.792426/@26.2215476,80.7831355,7z/data=!3m1!4b1!4m8!4m7!1m5!1m1!1s0x399be2006c71e24d:0x5989857f6b7db633!2m2!1d81.0738702!2d26.889762!1m0?entry=ttu&g_ep=EgoyMDI1MDQzMC4xIKXMDSoASAFQAw%3D%3D",26.2215476,80.7831355
Bihar,Samastipur,Alok Charging Station,"Alok Fuel Center,Chandchour Ujiyarpur",,Bharat AC001AC TYPE 2,12:00 AM - 11:59 PM,"https://www.google.com/maps/dir/V3QF%2BWCX,+Uattardhona,+Uttar+Pradesh+226010/25.85355,85.77468/@26.2215476,80.7740366,7z/data=!3m1!4b1!4m8!4m7!1m5!1m1!1s0x399be2006c71e24d:0x5989857f6b7db633!2m2!1d81.0738702!2d26.889762!1m0?entry=ttu&g_ep=EgoyMDI1MDQzMC4xIKXMDSoASAFQAw%3D%3D",26.2215476,80.7740366
Bihar,Samastipur,Arana Charging Station,"Arana Fuels,Vill-Basantpur Karkh Po-Sakhmohakps+Bl-Vibhutipur",,Bharat AC001AC TYPE 2,12:00 AM - 11:59 PM,"https://www.google.com/maps/dir/V3QF%2BWCX,+Uattardhona,+Uttar+Pradesh+226010/25.628793,86.009323/@26.0506523,78.2492552,6z/data=!4m8!4m7!1m5!1m1!1s0x399be2006c71e24d:0x5989857f6b7db633!2m2!1d81.0738702!2d26.889762!1m0?entry=ttu&g_ep=EgoyMDI1MDQzMC4xIKXMDSoASAFQAw%3D%3D",26.0506523,78.2492552
Bihar,Samastipur,HPCL- Samastipur Charging Station,"Mshsd Hamara Pump Bishanpur Birauli,Hp Petrol Pump At-Bishanpur Birauli Po-Dighra, Ps-Pusa",,Bharat AC001,12:00 AM - 11:59 PM,"https://www.google.com/maps/dir/V3QF%2BWCX,+Uattardhona,+Uttar+Pradesh+226010/25.95264,85.672097/@26.4154366,80.7275727,7z/data=!3m1!4b1!4m8!4m7!1m5!1m1!1s0x399be2006c71e24d:0x5989857f6b7db633!2m2!1d81.0738702!2d26.889762!1m0?entry=ttu&g_ep=EgoyMDI1MDQzMC4xIKXMDSoASAFQAw%3D%3D",26.4154366,80.7275727
Bihar,Sheohar,Ramjanki Hp- Shyampur Charging Station,"EVI Technologies, Hp Petrol Pump Nh 104, Vill Ps-Shyampur",9470441045,AC TYPE 2,12:00 AM - 11:59 PM,"https://www.google.com/maps/dir/V3QF%2BWCX,+Uattardhona,+Uttar+Pradesh+226010/26.486326,85.2784294/@26.6118358,80.5271766,7z/data=!3m1!4b1!4m8!4m7!1m5!1m1!1s0x399be2006c71e24d:0x5989857f6b7db633!2m2!1d81.0738702!2d26.889762!1m0?entry=ttu&g_ep=EgoyMDI1MDQzMC4xIKXMDSoASAFQAw%3D%3D",26.6118358,80.5271766
Bihar,Sitamarhi,IOCL - Maa Charging Station,"Maa Fulmat Petroleum,Indian Oil Retial Outlet At:Punaura P.S:Punaurablock:Dumra",,Bharat AC001AC TYPE 2,12:00 AM - 11:59 PM,"https://www.google.com/maps/dir/V3QF%2BWCX,+Uattardhona,+Uttar+Pradesh+226010/26.549571,85.519485/@26.6118358,80.6511471,7z/data=!3m1!4b1!4m8!4m7!1m5!1m1!1s0x399be2006c71e24d:0x5989857f6b7db633!2m2!1d81.0738702!2d26.889762!1m0?entry=ttu&g_ep=EgoyMDI1MDQzMC4xIKXMDSoASAFQAw%3D%3D",26.6118358,80.6511471
Bihar,Sitamarhi,IOCL - Maa Ganga Charging Station,"Maa Ganga Fuels,At:Bhorha",,Bharat AC001AC TYPE 2,12:00 AM - 11:59 PM,"https://www.google.com/maps/dir/V3QF%2BWCX,+Uattardhona,+Uttar+Pradesh+226010/26.658462,85.622814/@26.6118358,80.7027585,7z/data=!3m1!4b1!4m8!4m7!1m5!1m1!1s0x399be2006c71e24d:0x5989857f6b7db633!2m2!1d81.0738702!2d26.889762!1m0?entry=ttu&g_ep=EgoyMDI1MDQzMC4xIKXMDSoASAFQAw%3D%3D",26.6118358,80.7027585
Bihar,Siwan,IOCL - Piyush Charging Station,At:Mairwa P.S:Mairwa,,Bharat AC001AC TYPE 2,12:00 AM - 11:59 PM,"https://www.google.com/maps/dir/V3QF%2BWCX,+Uattardhona,+Uttar+Pradesh+226010/26.219481,84.134126/@26.4567905,79.9537772,7z/data=!3m1!4b1!4m8!4m7!1m5!1m1!1s0x399be2006c71e24d:0x5989857f6b7db633!2m2!1d81.0738702!2d26.889762!1m0?entry=ttu&g_ep=EgoyMDI1MDQzMC4xIKXMDSoASAFQAw%3D%3D",26.4567905,79.9537772
Bihar,Supaul,EVI - Mahanand Charging Station,Mauza-Dharhara Raghopur,,Bharat AC001AC TYPE 2,12:00 AM - 11:59 PM,"https://www.google.com/maps/dir/V3QF%2BWCX,+Uattardhona,+Uttar+Pradesh+226010/26.266438,86.836136/@26.4210449,78.6617349,6z/data=!3m1!4b1!4m8!4m7!1m5!1m1!1s0x399be2006c71e24d:0x5989857f6b7db633!2m2!1d81.0738702!2d26.889762!1m0?entry=ttu&g_ep=EgoyMDI1MDQzMC4xIKXMDSoASAFQAw%3D%3D",26.4210449,78.6617349
Bihar,Supaul,HPCL - Navneet Charging Station,Mauza-Laxmipur Sarauni Kala Road,,Bharat AC001AC TYPE 2,12:00 AM - 11:59 PM,"https://www.google.com/maps/dir/V3QF%2BWCX,+Uattardhona,+Uttar+Pradesh+226010/25.756749,86.974907/@26.0506523,78.722197,6z/data=!4m8!4m7!1m5!1m1!1s0x399be2006c71e24d:0x5989857f6b7db633!2m2!1d81.0738702!2d26.889762!1m0?entry=ttu&g_ep=EgoyMDI1MDQzMC4xIKXMDSoASAFQAw%3D%3D",26.0506523,78.722197
Bihar,Supaul,IOCL - Dashrath Charging Station,Block-Kishanpur,,Bharat AC001AC TYPE 2,12:00 AM - 11:59 PM,"https://www.google.com/maps/dir/V3QF%2BWCX,+Uattardhona,+Uttar+Pradesh+226010/26.198139,86.665882/@26.4210449,78.5943075,6z/data=!3m1!4b1!4m8!4m7!1m5!1m1!1s0x399be2006c71e24d:0x5989857f6b7db633!2m2!1d81.0738702!2d26.889762!1m0?entry=ttu&g_ep=EgoyMDI1MDQzMC4xIKXMDSoASAFQAw%3D%3D",26.4210449,78.5943075
Bihar,Supaul,IOCL - Gagan Charging Station,"Gagan Fuel Center,Village-Gonha Block-Triveniganj",,Bharat AC001AC TYPE 2,12:00 AM - 11:59 PM,"https://www.google.com/maps/dir/V3QF%2BWCX,+Uattardhona,+Uttar+Pradesh+226010/26.130144,86.882711/@26.4210449,78.6810391,6z/data=!3m1!4b1!4m8!4m7!1m5!1m1!1s0x399be2006c71e24d:0x5989857f6b7db633!2m2!1d81.0738702!2d26.889762!1m0?entry=ttu&g_ep=EgoyMDI1MDQzMC4xIKXMDSoASAFQAw%3D%3D",26.4210449,78.6810391
Bihar,Supaul,IOCL - Swachh Charging Station,Po-Dinapati Ps+Block-Pipra,,Bharat AC001AC TYPE 2,12:00 AM - 11:59 PM,"https://www.google.com/maps/dir/V3QF%2BWCX,+Uattardhona,+Uttar+Pradesh+226010/26.080929,85.426224/@26.4752155,80.6043421,7z/data=!3m1!4b1!4m8!4m7!1m5!1m1!1s0x399be2006c71e24d:0x5989857f6b7db633!2m2!1d81.0738702!2d26.889762!1m0?entry=ttu&g_ep=EgoyMDI1MDQzMC4xIKXMDSoASAFQAw%3D%3D",26.4752155,80.6043421
Bihar,Supaul,IOCL - S.K Petroleum Charging Station,"Gharia, District Supaul",,AC TYPE 2Bharat DC-001,12:00 AM - 11:59 PM,"https://www.google.com/maps/dir/Current+Location/26.193791,86.90785",26.193791,86.90785
Bihar,West Champaran,IOCL - Rambha Charging Station,At:Panchgawa(Bagaha),,Bharat AC001AC TYPE 1,12:00 AM - 11:59 PM,"https://www.google.com/maps/dir/Current+Location/27.215695,84.118123",27.215695,84.118123
Bihar,West Champaran,IOCL - Baishakhwa Charging Station,At:Baisakhwa P.S:Gopalpur,,Bharat AC001AC TYPE 2,12:00 AM - 11:59 PM,"https://www.google.com/maps/dir/V3QF%2BWCX,+Uattardhona,+Uttar+Pradesh+226010/25.496925,83.886183/@26.1709504,79.8297843,7z/data=!4m8!4m7!1m5!1m1!1s0x399be2006c71e24d:0x5989857f6b7db633!2m2!1d81.0738702!2d26.889762!1m0?entry=ttu&g_ep=EgoyMDI1MDQzMC4xIKXMDSoASAFQAw%3D%3D",26.1709504,79.8297843
Bihar,West Champaran,IOCL - Deoraj Kisan Seva Kendra Charging Station,Indian Oil Retail Outlet At:Manguraha P.S:Ramnagar,,Bharat AC001AC TYPE 2,12:00 AM - 11:59 PM,"https://www.google.com/maps/dir/V3QF%2BWCX,+Uattardhona,+Uttar+Pradesh+226010/27.166822,84.324824/@26.7347933,80.0511996,7z/data=!3m1!4b1!4m8!4m7!1m5!1m1!1s0x399be2006c71e24d:0x5989857f6b7db633!2m2!1d81.0738702!2d26.889762!1m0?entry=ttu&g_ep=EgoyMDI1MDQzMC4xIKXMDSoASAFQAw%3D%3D",26.7347933,80.0511996
